idx,code,year,avg,slg,bbk,wpa,re24,obp
0,50066,2023,0.226,0.343,0.214,0.0,0.0,0.259
1,50165,2020,0.278,0.597,0.401,-0.0,0.225,0.37
2,50165,2021,0.243,0.422,0.419,-0.015,-0.16,0.317
3,50202,2022,0.297,0.343,0.65,0.0,-0.105,0.367
4,50202,2023,0.281,0.363,0.6,-0.003,0.05,0.333
5,50293,2023,0.239,0.31,0.4,-0.008,-0.15,0.321
6,50350,2020,0.251,0.332,0.595,-0.022,-0.3,0.316
7,50350,2023,0.286,0.4,0.436,-0.001,-0.08,0.342
8,50458,2020,0.232,0.272,0.545,0.0,-0.11,0.296
9,50458,2021,0.276,0.306,0.906,0.0,0.0,0.327
10,50458,2022,0.28,0.332,0.703,-0.007,-0.12,0.345
11,50458,2023,0.29,0.329,1.24,-0.006,-0.025,0.391
12,50468,2020,0.28,0.477,0.561,0.0,0.115,0.411
13,50469,2020,0.209,0.367,0.31,-0.024,-0.28,0.272
14,50500,2022,0.294,0.366,0.4,0.0,0.0,0.334
15,50500,2023,0.223,0.26,0.432,-0.008,-0.41,0.27
16,50506,2020,0.28,0.422,0.9,-0.002,-0.225,0.356
17,50506,2021,0.279,0.361,0.892,-0.014,-0.185,0.357
18,50704,2020,0.231,0.306,0.237,-0.014,-0.3,0.294
19,50704,2021,0.153,0.214,0.245,-0.022,-0.355,0.226
20,50707,2020,0.236,0.236,0.118,-0.017,-0.37,0.259
21,50707,2021,0.206,0.338,0.558,-0.003,-0.17,0.329
22,50709,2021,0.196,0.234,0.281,-0.009,-0.57,0.25
23,50709,2022,0.244,0.317,0.214,-0.016,-0.25,0.286
24,50730,2020,0.265,0.428,0.333,-0.014,-0.19,0.344
25,50820,2022,0.25,0.48,0.282,0.0,-0.175,0.324
26,50820,2023,0.192,0.323,0.367,-0.028,-0.45,0.286
27,50854,2020,0.258,0.326,0.475,-0.026,-0.34,0.313
28,50854,2021,0.262,0.362,0.718,-0.006,-0.175,0.337
29,50854,2022,0.301,0.424,0.573,0.0,0.01,0.351
30,50854,2023,0.277,0.376,0.613,-0.006,-0.12,0.323
31,50923,2020,0.28,0.541,0.307,0.0,-0.055,0.356
32,50923,2021,0.272,0.514,0.365,0.001,0.0,0.36
33,51004,2021,0.271,0.404,0.44,-0.02,-0.135,0.336
34,51100,2021,0.242,0.346,0.288,0.0,0.0,0.316
35,51144,2021,0.17,0.28,0.367,-0.013,-0.245,0.265
36,51203,2021,0.26,0.353,0.296,0.0,-0.02,0.32
37,51203,2022,0.213,0.294,0.268,-0.006,-0.2,0.279
38,51309,2021,0.243,0.374,0.465,-0.016,-0.3,0.316
39,51324,2021,0.259,0.374,0.241,-0.03,-0.37,0.297
40,51344,2022,0.218,0.331,0.347,-0.022,-0.23,0.319
41,51344,2023,0.25,0.37,0.458,-0.025,-0.41,0.327
42,51417,2022,0.275,0.35,0.562,0.0,-0.005,0.358
43,51417,2023,0.309,0.383,0.294,-0.01,-0.31,0.353
44,51463,2021,0.285,0.495,0.633,0.012,0.125,0.359
45,51463,2022,0.342,0.565,0.679,0.012,0.19,0.422
46,51463,2023,0.274,0.397,0.45,-0.016,-0.12,0.321
47,51551,2021,0.204,0.274,0.424,0.0,-0.215,0.289
48,51714,2021,0.268,0.411,0.327,-0.03,-0.23,0.321
49,51725,2021,0.257,0.394,0.276,-0.013,-0.16,0.306
50,51817,2021,0.265,0.451,0.837,0.016,0.28,0.413
51,51817,2022,0.263,0.426,0.682,0.011,0.125,0.385
52,51817,2023,0.24,0.368,0.946,-0.01,-0.16,0.393
53,51907,2021,0.241,0.386,0.298,-0.003,-0.11,0.312
54,51907,2022,0.227,0.388,0.337,-0.01,-0.08,0.327
55,51907,2023,0.239,0.356,0.349,-0.018,-0.16,0.329
56,52009,2022,0.297,0.516,0.391,0.006,0.075,0.378
57,52009,2023,0.315,0.469,0.408,-0.006,-0.0,0.391
58,52125,2022,0.206,0.353,0.475,-0.017,-0.37,0.308
59,52348,2022,0.21,0.352,0.134,-0.008,-0.23,0.273
60,52366,2022,0.281,0.484,0.595,0.004,0.0,0.374
61,52415,2022,0.235,0.343,0.114,-0.028,-0.33,0.251
62,52415,2023,0.228,0.36,0.357,-0.019,-0.26,0.277
63,52526,2022,0.228,0.402,0.338,-0.001,-0.21,0.301
64,52547,2022,0.33,0.495,0.591,0.001,0.195,0.415
65,52547,2023,0.248,0.343,0.539,0.001,-0.175,0.346
66,52591,2023,0.314,0.382,0.239,0.0,0.0,0.337
67,52605,2022,0.237,0.362,0.355,0.0,-0.05,0.307
68,52630,2022,0.311,0.492,0.41,-0.012,-0.115,0.358
69,52630,2023,0.289,0.468,0.659,-0.017,-0.11,0.356
70,52712,2022,0.289,0.43,0.615,-0.005,-0.055,0.371
71,52806,2022,0.307,0.454,0.8,0.009,0.08,0.352
72,52827,2022,0.222,0.42,0.132,-0.021,-0.34,0.255
73,52904,2022,0.3,0.465,0.593,-0.003,-0.03,0.373
74,53123,2023,0.297,0.473,0.505,0.0,-0.09,0.354
75,53211,2023,0.214,0.422,0.551,-0.023,-0.29,0.304
76,53344,2023,0.237,0.307,0.4,-0.001,-0.25,0.324
77,53404,2023,0.227,0.289,0.111,-0.009,-0.25,0.264
78,53554,2023,0.254,0.34,0.303,-0.003,-0.2,0.304
79,53764,2023,0.246,0.336,0.315,-0.014,-0.19,0.29
80,53827,2023,0.335,0.489,0.522,0.027,0.12,0.393
81,53955,2023,0.272,0.423,0.51,-0.013,-0.04,0.359
82,60343,2018,0.216,0.389,0.163,-0.002,-0.26,0.264
83,60343,2020,0.269,0.387,0.391,0.0,-0.14,0.333
84,60523,2018,0.305,0.494,0.41,-0.001,-0.18,0.364
85,60523,2019,0.226,0.289,0.489,-0.003,-0.18,0.323
86,60523,2020,0.295,0.427,0.659,0.004,0.02,0.38
87,60523,2021,0.292,0.438,0.764,-0.006,-0.07,0.388
88,60523,2022,0.245,0.303,0.485,-0.011,-0.26,0.312
89,60558,2018,0.254,0.421,0.261,-0.012,-0.205,0.307
90,60558,2019,0.251,0.353,0.397,-0.0,-0.165,0.315
91,60558,2020,0.274,0.397,0.277,-0.002,-0.165,0.326
92,60558,2021,0.268,0.426,0.269,0.0,-0.015,0.312
93,60558,2022,0.234,0.341,0.217,0.0,0.0,0.29
94,60558,2023,0.222,0.353,0.213,0.0,-0.175,0.266
95,60566,2018,0.251,0.262,0.533,0.0,-0.12,0.279
96,60566,2019,0.274,0.304,0.409,-0.002,-0.25,0.293
97,61102,2018,0.296,0.508,0.35,-0.007,-0.105,0.352
98,61102,2019,0.271,0.44,0.369,-0.012,-0.15,0.335
99,61102,2020,0.255,0.405,0.368,-0.007,-0.165,0.324
100,61102,2021,0.255,0.375,0.338,-0.019,-0.34,0.319
101,61102,2022,0.251,0.347,0.357,-0.002,-0.14,0.32
102,61102,2023,0.228,0.311,0.63,-0.02,-0.205,0.309
103,61186,2018,0.34,0.435,0.812,-0.001,-0.09,0.408
104,61186,2019,0.309,0.373,0.69,-0.011,-0.18,0.378
105,61186,2020,0.259,0.335,0.795,-0.008,-0.265,0.333
106,61186,2021,0.199,0.271,1.087,-0.002,-0.22,0.303
107,61197,2018,0.294,0.444,0.333,-0.003,-0.12,0.336
108,61197,2019,0.251,0.378,0.298,-0.004,-0.25,0.292
109,61197,2020,0.297,0.356,0.812,0.0,-0.155,0.381
110,61208,2018,0.293,0.375,0.5,0.0,0.0,0.335
111,61208,2019,0.208,0.24,0.458,0.0,0.0,0.279
112,61208,2020,0.277,0.355,0.58,-0.003,-0.17,0.339
113,61208,2021,0.228,0.29,0.682,-0.016,-0.37,0.298
114,61353,2018,0.277,0.396,0.152,-0.002,-0.155,0.307
115,61353,2019,0.317,0.413,0.207,0.0,-0.07,0.344
116,61353,2020,0.283,0.371,0.255,-0.019,-0.22,0.319
117,61353,2021,0.267,0.328,0.533,-0.018,-0.26,0.322
118,61353,2022,0.283,0.425,0.333,-0.001,-0.18,0.325
119,61353,2023,0.303,0.415,0.167,-0.01,-0.23,0.329
120,61404,2018,0.3,0.423,0.771,-0.004,-0.06,0.373
121,61404,2019,0.297,0.387,0.902,-0.012,-0.16,0.359
122,61404,2020,0.248,0.315,0.71,-0.003,-0.12,0.311
123,61404,2021,0.283,0.357,0.761,0.0,-0.11,0.353
124,61404,2022,0.192,0.241,0.409,-0.01,-0.31,0.222
125,61554,2018,0.216,0.351,0.167,-0.0,0.0,0.269
126,61554,2019,0.256,0.352,0.22,0.0,0.0,0.314
127,61554,2021,0.209,0.287,0.472,-0.006,-0.255,0.345
128,61566,2019,0.255,0.302,0.429,-0.01,-0.18,0.315
129,61700,2018,0.279,0.397,0.644,-0.004,-0.025,0.381
130,61700,2019,0.239,0.274,0.469,0.0,0.0,0.333
131,61700,2020,0.228,0.337,0.547,-0.0,-0.11,0.345
132,61743,2020,0.27,0.378,0.324,-0.004,-0.26,0.327
133,61869,2018,0.243,0.337,0.133,0.0,0.0,0.268
134,61869,2020,0.238,0.333,0.206,-0.008,-0.23,0.277
135,61869,2021,0.223,0.358,0.256,-0.002,-0.18,0.262
136,62025,2018,0.304,0.486,0.303,-0.002,-0.18,0.347
137,62025,2019,0.258,0.395,0.426,-0.003,-0.18,0.305
138,62025,2020,0.256,0.414,0.423,0.0,-0.18,0.311
139,62234,2018,0.261,0.303,0.659,0.0,0.0,0.352
140,62234,2019,0.248,0.284,0.585,0.0,0.0,0.314
141,62234,2021,0.278,0.33,0.913,0.0,-0.005,0.384
142,62234,2022,0.276,0.35,0.687,0.0,0.0,0.365
143,62234,2023,0.267,0.305,0.621,-0.009,-0.17,0.353
144,62244,2018,0.281,0.404,0.286,0.0,0.0,0.349
145,62244,2019,0.283,0.397,0.629,-0.003,-0.16,0.345
146,62244,2020,0.264,0.357,0.712,-0.014,-0.215,0.335
147,62244,2021,0.24,0.299,0.583,-0.008,-0.07,0.314
148,62244,2022,0.248,0.316,0.465,-0.014,-0.18,0.315
149,62244,2023,0.21,0.347,0.642,-0.011,-0.26,0.303
150,62265,2019,0.291,0.463,0.686,0.0,-0.08,0.386
151,62265,2020,0.246,0.367,0.662,-0.01,-0.235,0.342
152,62332,2018,0.219,0.292,0.219,-0.001,-0.105,0.275
153,62356,2018,0.288,0.359,0.275,0.0,-0.1,0.351
154,62356,2019,0.246,0.331,0.316,-0.004,-0.18,0.32
155,62356,2020,0.208,0.277,0.208,-0.002,-0.165,0.243
156,62404,2018,0.333,0.533,0.391,0.006,0.125,0.394
157,62404,2019,0.267,0.444,0.432,-0.002,-0.065,0.33
158,62404,2020,0.307,0.478,0.56,0.012,0.24,0.388
159,62404,2021,0.307,0.525,0.515,0.02,0.13,0.368
160,62404,2022,0.291,0.399,0.321,-0.019,-0.17,0.34
161,62404,2023,0.293,0.447,0.812,-0.001,0.0,0.377
162,62409,2020,0.219,0.302,0.682,0.0,0.0,0.325
163,62415,2018,0.299,0.432,0.566,-0.0,-0.135,0.356
164,62415,2019,0.239,0.328,0.707,-0.021,-0.195,0.312
165,62415,2020,0.29,0.415,0.506,-0.01,-0.18,0.341
166,62415,2021,0.289,0.377,0.831,0.0,-0.05,0.375
167,62415,2022,0.289,0.367,0.5,-0.008,-0.205,0.341
168,62415,2023,0.288,0.362,0.636,-0.014,-0.24,0.34
169,62556,2018,0.294,0.442,0.347,-0.002,0.0,0.356
170,62556,2019,0.256,0.288,0.387,-0.022,-0.26,0.312
171,62556,2020,0.217,0.283,0.636,0.0,0.0,0.309
172,62556,2021,0.233,0.311,0.478,0.0,-0.04,0.319
173,62556,2022,0.18,0.227,0.357,-0.004,-0.18,0.241
174,62558,2020,0.225,0.327,0.875,-0.011,-0.135,0.341
175,62558,2021,0.195,0.328,0.45,-0.006,-0.23,0.295
176,62558,2022,0.27,0.399,0.423,-0.001,-0.11,0.355
177,62700,2018,0.255,0.363,0.207,-0.016,-0.26,0.299
178,62700,2020,0.286,0.351,0.197,-0.006,-0.09,0.32
179,62700,2021,0.272,0.392,0.378,-0.01,-0.23,0.345
180,62700,2022,0.259,0.342,0.246,-0.015,-0.29,0.31
181,62797,2018,0.252,0.324,0.688,-0.004,-0.26,0.339
182,62797,2019,0.168,0.218,0.321,-0.016,-0.25,0.225
183,62802,2019,0.233,0.323,0.28,-0.006,-0.18,0.278
184,62802,2020,0.264,0.355,0.324,0.0,0.0,0.349
185,62802,2022,0.227,0.298,0.232,-0.004,-0.05,0.276
186,62802,2023,0.282,0.355,0.405,0.0,0.0,0.348
187,62864,2018,0.247,0.353,0.635,-0.01,-0.155,0.326
188,62864,2019,0.167,0.188,0.517,0.0,0.0,0.293
189,62864,2020,0.248,0.314,0.607,-0.012,-0.23,0.3
190,62864,2021,0.22,0.288,0.837,-0.005,-0.12,0.334
191,62864,2022,0.222,0.296,0.717,-0.003,-0.145,0.315
192,62864,2023,0.24,0.363,0.636,-0.012,-0.25,0.333
193,62884,2018,0.291,0.449,0.424,-0.0,-0.075,0.378
194,62884,2019,0.235,0.273,0.654,-0.009,-0.26,0.327
195,62884,2020,0.265,0.333,0.778,-0.013,-0.14,0.372
196,62895,2018,0.275,0.589,0.424,0.006,0.14,0.364
197,62895,2019,0.264,0.401,0.564,-0.0,0.045,0.379
198,62895,2020,0.249,0.508,0.612,-0.02,-0.02,0.366
199,62895,2021,0.278,0.534,0.625,-0.001,0.1,0.377
200,62895,2022,0.26,0.474,0.511,-0.005,-0.07,0.378
201,62895,2023,0.189,0.268,0.337,-0.031,-0.325,0.272
202,62907,2018,0.324,0.438,0.627,0.002,0.11,0.384
203,62907,2019,0.342,0.431,1.024,0.0,0.005,0.401
204,62907,2020,0.341,0.467,0.714,0.001,0.0,0.402
205,62907,2021,0.261,0.339,0.957,-0.01,0.03,0.353
206,62907,2022,0.267,0.359,0.764,0.001,-0.14,0.353
207,62907,2023,0.32,0.385,0.615,-0.019,0.0,0.391
208,62908,2019,0.301,0.398,0.417,0.0,-0.16,0.323
209,62925,2019,0.247,0.371,0.15,-0.02,-0.26,0.298
210,62925,2020,0.309,0.455,0.417,0.0,-0.04,0.347
211,62925,2021,0.249,0.35,0.529,-0.016,-0.215,0.33
212,62925,2023,0.304,0.472,0.32,-0.001,-0.18,0.35
213,62931,2018,0.283,0.431,0.359,-0.01,-0.12,0.336
214,62931,2019,0.264,0.46,0.388,-0.002,-0.11,0.323
215,62931,2020,0.268,0.465,0.459,-0.002,-0.005,0.352
216,62931,2021,0.288,0.427,0.467,-0.003,-0.1,0.37
217,62931,2022,0.28,0.455,0.429,-0.004,-0.09,0.355
218,62931,2023,0.26,0.396,0.405,0.016,-0.05,0.326
219,62934,2018,0.26,0.433,0.453,0.0,-0.04,0.318
220,62934,2019,0.231,0.386,0.42,-0.004,-0.24,0.297
221,62934,2020,0.219,0.372,0.425,0.0,-0.12,0.283
222,62934,2023,0.239,0.424,0.303,0.0,-0.03,0.327
223,62947,2018,0.318,0.518,0.336,0.01,0.115,0.385
224,62947,2019,0.366,0.645,0.462,0.017,0.16,0.443
225,62947,2020,0.33,0.597,0.322,0.028,0.23,0.394
226,62947,2021,0.281,0.509,0.245,0.012,0.05,0.338
227,62947,2022,0.319,0.506,0.464,0.021,0.17,0.407
228,63123,2018,0.255,0.373,0.358,-0.002,-0.195,0.325
229,63123,2021,0.249,0.383,0.276,-0.003,-0.19,0.302
230,63123,2022,0.264,0.399,0.29,-0.007,-0.2,0.306
231,63123,2023,0.256,0.387,0.247,-0.006,-0.18,0.303
232,63202,2021,0.232,0.322,0.38,0.0,-0.05,0.322
233,63202,2022,0.208,0.24,0.185,-0.004,-0.16,0.266
234,63257,2018,0.263,0.368,0.462,0.0,0.0,0.339
235,63257,2021,0.256,0.375,0.886,-0.003,-0.11,0.364
236,63257,2022,0.247,0.336,0.872,-0.012,-0.17,0.368
237,63260,2018,0.226,0.345,0.281,-0.003,-0.26,0.302
238,63260,2019,0.219,0.364,0.3,-0.014,-0.255,0.28
239,63260,2022,0.292,0.375,0.6,0.0,0.0,0.35
240,63260,2023,0.303,0.429,0.362,0.0,-0.06,0.368
241,63440,2020,0.24,0.32,0.207,-0.002,-0.18,0.273
242,63440,2021,0.236,0.331,0.387,0.0,0.0,0.322
243,63450,2018,0.265,0.376,0.321,-0.002,-0.23,0.303
244,63450,2020,0.152,0.241,0.324,0.0,0.0,0.234
245,63450,2021,0.222,0.282,0.708,0.0,-0.055,0.336
246,63700,2021,0.235,0.27,0.468,-0.012,-0.26,0.325
247,63700,2022,0.238,0.287,0.708,-0.003,-0.18,0.34
248,63704,2018,0.313,0.431,0.558,0.009,0.0,0.378
249,63704,2019,0.257,0.317,0.676,0.0,0.0,0.33
250,63704,2020,0.251,0.316,0.531,-0.005,-0.12,0.334
251,63704,2021,0.231,0.331,0.37,-0.02,-0.18,0.306
252,63704,2022,0.229,0.362,0.299,-0.019,-0.2,0.293
253,63722,2019,0.223,0.303,0.329,-0.002,-0.1,0.294
254,63722,2020,0.226,0.372,0.362,-0.013,-0.18,0.298
255,63722,2021,0.217,0.296,0.459,-0.009,-0.115,0.314
256,63722,2022,0.176,0.225,0.3,-0.001,-0.24,0.252
257,63905,2023,0.272,0.455,0.459,-0.003,-0.25,0.335
258,63920,2022,0.188,0.237,0.816,-0.004,-0.17,0.325
259,63920,2023,0.225,0.268,0.38,-0.001,-0.12,0.301
260,63963,2018,0.283,0.414,0.603,-0.01,-0.205,0.351
261,63963,2019,0.255,0.355,0.833,-0.003,-0.15,0.354
262,63963,2020,0.265,0.416,0.824,0.0,-0.1,0.381
263,63963,2021,0.263,0.466,1.208,0.0,0.0,0.407
264,63963,2022,0.223,0.315,0.705,0.0,-0.14,0.331
265,63963,2023,0.267,0.364,1.625,-0.003,-0.04,0.401
266,64004,2019,0.281,0.307,0.525,-0.001,-0.18,0.338
267,64004,2020,0.235,0.341,0.512,-0.002,-0.18,0.304
268,64004,2021,0.318,0.393,0.769,0.0,-0.17,0.385
269,64004,2022,0.283,0.319,0.569,-0.009,-0.17,0.334
270,64004,2023,0.279,0.371,0.59,-0.015,-0.25,0.337
271,64006,2018,0.259,0.371,0.345,-0.009,-0.15,0.297
272,64006,2019,0.279,0.34,0.338,-0.009,-0.23,0.319
273,64006,2020,0.231,0.295,0.37,-0.028,-0.36,0.279
274,64006,2021,0.273,0.374,0.485,-0.014,-0.16,0.319
275,64006,2022,0.241,0.306,0.564,-0.012,-0.18,0.309
276,64007,2020,0.255,0.452,0.244,-0.009,-0.18,0.303
277,64007,2021,0.219,0.344,0.242,0.0,-0.16,0.292
278,64007,2023,0.275,0.427,0.27,-0.0,-0.205,0.314
279,64022,2018,0.247,0.396,0.214,-0.008,-0.07,0.301
280,64022,2019,0.191,0.294,0.146,-0.023,-0.26,0.234
281,64022,2021,0.232,0.344,1.08,-0.004,-0.15,0.363
282,64022,2023,0.17,0.284,0.37,-0.007,-0.2,0.269
283,64153,2018,0.263,0.455,0.296,-0.014,-0.315,0.303
284,64153,2020,0.246,0.364,0.4,-0.02,-0.345,0.311
285,64153,2021,0.265,0.465,0.285,-0.009,-0.175,0.328
286,64153,2022,0.244,0.431,0.317,-0.024,-0.24,0.314
287,64153,2023,0.283,0.457,0.256,-0.01,-0.1,0.327
288,64166,2020,0.289,0.417,0.473,-0.006,-0.04,0.368
289,64166,2021,0.259,0.381,0.489,-0.026,-0.285,0.353
290,64166,2022,0.27,0.36,0.427,-0.006,-0.095,0.339
291,64166,2023,0.205,0.205,0.641,-0.037,-0.32,0.311
292,64213,2021,0.274,0.302,0.5,0.0,-0.12,0.347
293,64260,2020,0.286,0.333,0.188,0.0,-0.18,0.3
294,64266,2020,0.281,0.439,0.289,-0.003,-0.18,0.325
295,64266,2021,0.264,0.374,0.547,-0.015,-0.205,0.375
296,64266,2022,0.192,0.242,0.531,0.0,-0.22,0.308
297,64300,2018,0.285,0.465,0.674,-0.023,-0.14,0.36
298,64300,2019,0.302,0.482,0.905,0.019,0.16,0.388
299,64300,2020,0.304,0.519,1.087,0.004,0.09,0.396
300,64340,2022,0.27,0.388,0.2,-0.001,-0.04,0.314
301,64340,2023,0.248,0.378,0.474,-0.004,-0.22,0.341
302,64346,2018,0.295,0.48,0.2,0.0,-0.06,0.335
303,64346,2019,0.243,0.314,0.209,-0.004,-0.09,0.301
304,64346,2023,0.246,0.391,0.078,0.0,-0.175,0.267
305,64407,2020,0.322,0.39,0.842,0.0,0.0,0.413
306,64407,2023,0.185,0.222,0.375,-0.005,-0.17,0.224
307,64468,2019,0.256,0.387,0.489,-0.008,-0.165,0.343
308,64468,2020,0.195,0.293,0.167,0.0,-0.18,0.223
309,64468,2021,0.256,0.343,0.592,-0.004,0.0,0.348
310,64468,2022,0.221,0.317,0.3,0.0,-0.08,0.284
311,64468,2023,0.236,0.349,0.296,0.0,-0.26,0.286
312,64501,2021,0.204,0.28,0.389,0.0,0.0,0.303
313,64504,2019,0.222,0.247,0.465,-0.0,-0.12,0.293
314,64504,2020,0.298,0.423,0.511,-0.001,-0.15,0.386
315,64504,2021,0.244,0.384,0.574,0.0,0.0,0.352
316,64504,2022,0.237,0.344,0.5,-0.002,-0.12,0.319
317,64504,2023,0.23,0.328,0.2,-0.02,-0.18,0.277
318,64560,2019,0.27,0.382,0.62,-0.001,-0.07,0.36
319,64560,2021,0.209,0.285,0.667,-0.006,-0.24,0.304
320,64560,2022,0.297,0.397,0.651,-0.01,-0.07,0.36
321,64560,2023,0.246,0.338,1.19,0.0,0.07,0.371
322,64610,2018,0.259,0.306,0.353,-0.01,-0.13,0.301
323,64610,2020,0.305,0.362,0.458,-0.014,-0.215,0.352
324,64610,2021,0.258,0.28,0.5,0.0,0.0,0.335
325,64610,2022,0.323,0.398,0.417,-0.001,-0.14,0.369
326,64610,2023,0.188,0.216,0.39,-0.025,-0.41,0.26
327,64646,2019,0.26,0.317,0.313,-0.017,-0.27,0.298
328,64646,2020,0.221,0.273,0.414,-0.031,-0.42,0.268
329,64646,2021,0.246,0.313,0.74,-0.012,-0.2,0.325
330,64646,2022,0.275,0.343,0.851,-0.001,-0.08,0.342
331,64646,2023,0.27,0.315,0.5,0.0,-0.19,0.312
332,64657,2018,0.228,0.407,0.351,0.0,0.0,0.333
333,64657,2020,0.241,0.327,0.537,-0.004,-0.05,0.379
334,64704,2020,0.216,0.275,0.226,-0.001,-0.12,0.283
335,64717,2021,0.241,0.422,0.259,0.0,-0.06,0.316
336,64717,2022,0.213,0.305,0.364,-0.015,-0.23,0.3
337,64868,2019,0.293,0.356,0.75,0.0,0.0,0.36
338,64868,2020,0.298,0.338,0.756,0.007,0.06,0.389
339,64868,2021,0.235,0.272,0.907,-0.01,-0.21,0.347
340,64868,2022,0.307,0.382,0.676,0.0,-0.015,0.376
341,64868,2023,0.222,0.233,0.421,-0.038,-0.63,0.286
342,64906,2020,0.224,0.252,0.35,0.0,0.0,0.258
343,64944,2022,0.181,0.236,0.0,-0.009,-0.37,0.188
344,64984,2019,0.277,0.38,0.239,-0.002,-0.18,0.302
345,64984,2020,0.236,0.274,0.289,-0.006,-0.275,0.271
346,64984,2021,0.276,0.341,0.359,-0.013,-0.32,0.311
347,64984,2022,0.274,0.301,0.618,-0.004,-0.245,0.318
348,64984,2023,0.228,0.287,0.214,-0.03,-0.255,0.25
349,65115,2018,0.22,0.252,0.667,0.0,-0.01,0.267
350,65132,2022,0.335,0.453,0.45,-0.001,-0.04,0.4
351,65132,2023,0.227,0.289,0.586,0.0,-0.17,0.38
352,65207,2023,0.331,0.343,1.0,0.0,0.0,0.372
353,65357,2018,0.317,0.512,0.458,0.0,0.0,0.38
354,65357,2019,0.248,0.36,0.382,-0.01,-0.24,0.288
355,65357,2021,0.256,0.382,0.595,-0.013,-0.305,0.324
356,65357,2022,0.248,0.374,0.681,-0.024,-0.33,0.308
357,65357,2023,0.243,0.313,1.857,-0.012,-0.23,0.339
358,65362,2021,0.296,0.416,0.571,0.006,-0.01,0.371
359,65399,2020,0.266,0.399,0.548,-0.007,-0.12,0.348
360,65462,2021,0.207,0.35,0.178,0.0,0.0,0.248
361,65462,2022,0.221,0.283,0.342,0.0,-0.04,0.305
362,65506,2020,0.259,0.293,0.343,0.0,0.0,0.338
363,65506,2021,0.287,0.351,0.278,0.0,0.0,0.333
364,65515,2019,0.24,0.375,0.121,-0.01,-0.115,0.278
365,65586,2020,0.235,0.354,0.382,-0.002,-0.26,0.31
366,65586,2021,0.191,0.318,0.405,0.0,0.0,0.316
367,65586,2022,0.209,0.336,0.234,0.0,-0.13,0.277
368,65610,2020,0.276,0.414,0.724,0.0,0.0,0.384
369,65610,2021,0.238,0.418,0.29,-0.016,-0.215,0.282
370,65610,2022,0.254,0.398,0.387,-0.027,-0.48,0.315
371,65610,2023,0.238,0.338,0.25,-0.01,-0.2,0.303
372,65653,2020,0.232,0.384,0.255,0.0,0.0,0.308
373,65653,2021,0.208,0.315,0.364,-0.0,-0.02,0.318
374,65703,2022,0.159,0.248,0.267,0.0,-0.12,0.206
375,65703,2023,0.234,0.301,0.333,-0.019,-0.4,0.275
376,65869,2020,0.178,0.257,0.133,0.0,-0.085,0.22
377,65898,2020,0.274,0.452,0.258,-0.014,-0.255,0.329
378,65898,2021,0.241,0.384,0.466,-0.001,-0.04,0.358
379,65898,2022,0.224,0.304,0.366,-0.014,-0.18,0.329
380,66108,2020,0.271,0.405,0.967,0.0,0.0,0.406
381,66108,2021,0.323,0.401,1.133,0.018,0.23,0.454
382,66108,2022,0.281,0.348,0.779,0.006,0.03,0.382
383,66108,2023,0.329,0.415,0.895,0.028,0.225,0.445
384,66113,2020,0.243,0.35,0.5,0.0,-0.12,0.304
385,66209,2018,0.277,0.37,0.265,0.0,0.0,0.302
386,66209,2022,0.235,0.311,0.323,0.0,0.0,0.291
387,66354,2018,0.217,0.267,0.333,0.0,0.0,0.29
388,66409,2020,0.181,0.361,0.281,-0.003,-0.22,0.253
389,66409,2023,0.156,0.205,0.175,-0.012,-0.25,0.213
390,66462,2018,0.243,0.324,0.696,0.0,-0.035,0.316
391,66606,2018,0.268,0.359,0.328,-0.002,-0.18,0.316
392,66606,2019,0.198,0.284,0.314,-0.012,-0.22,0.259
393,66606,2020,0.326,0.421,0.943,0.0,0.0,0.379
394,66606,2021,0.295,0.372,0.897,-0.001,0.04,0.368
395,66606,2023,0.23,0.246,0.522,-0.022,-0.005,0.293
396,66614,2020,0.178,0.261,0.325,0.0,-0.15,0.231
397,66615,2019,0.253,0.32,0.31,-0.006,-0.32,0.313
398,66657,2022,0.2,0.373,0.189,-0.026,-0.205,0.254
399,66657,2023,0.249,0.384,0.598,0.0,-0.09,0.371
400,66662,2023,0.17,0.273,0.368,-0.007,-0.27,0.24
401,66704,2021,0.301,0.42,0.773,0.02,0.16,0.418
402,66704,2022,0.24,0.337,0.453,-0.022,-0.22,0.325
403,66704,2023,0.258,0.381,0.273,0.0,-0.24,0.315
404,66706,2019,0.254,0.346,0.351,-0.003,-0.16,0.318
405,66706,2022,0.233,0.302,0.429,-0.026,-0.25,0.295
406,66707,2022,0.224,0.366,0.393,-0.012,-0.03,0.272
407,66715,2022,0.261,0.417,0.216,-0.013,-0.09,0.309
408,66715,2023,0.238,0.349,0.331,-0.024,-0.3,0.307
409,66838,2018,0.252,0.468,0.167,-0.005,-0.23,0.287
410,66838,2019,0.215,0.338,0.255,-0.02,-0.26,0.265
411,66838,2020,0.312,0.508,0.367,-0.005,-0.12,0.359
412,66838,2021,0.238,0.351,0.238,-0.006,-0.26,0.286
413,66838,2022,0.221,0.337,0.182,-0.019,-0.42,0.25
414,66838,2023,0.266,0.428,0.564,-0.015,-0.26,0.337
415,66864,2019,0.243,0.272,0.143,0.0,0.0,0.266
416,66917,2018,0.232,0.289,0.286,-0.002,-0.11,0.306
417,66917,2019,0.277,0.355,0.286,0.0,0.0,0.318
418,66917,2021,0.227,0.326,0.5,0.0,0.0,0.311
419,66928,2021,0.209,0.337,0.293,-0.002,-0.12,0.298
420,66928,2022,0.216,0.322,0.5,-0.006,-0.18,0.304
421,66965,2022,0.216,0.309,0.565,0.0,-0.12,0.27
422,66965,2023,0.271,0.372,0.957,-0.0,-0.185,0.395
423,67006,2023,0.292,0.325,0.278,-0.004,-0.23,0.35
424,67025,2018,0.305,0.59,0.5,0.012,0.065,0.391
425,67025,2019,0.322,0.53,0.408,-0.012,0.01,0.386
426,67025,2020,0.347,0.674,0.493,0.048,0.545,0.422
427,67207,2023,0.244,0.318,0.452,-0.009,-0.205,0.32
428,67304,2018,0.27,0.371,0.27,-0.002,-0.08,0.326
429,67304,2019,0.259,0.339,0.319,-0.001,-0.14,0.31
430,67304,2020,0.282,0.396,0.495,-0.003,-0.06,0.343
431,67304,2021,0.304,0.366,0.694,0.005,0.015,0.377
432,67304,2022,0.315,0.397,0.511,-0.001,-0.035,0.367
433,67304,2023,0.327,0.453,0.633,0.002,0.14,0.388
434,67341,2018,0.347,0.466,0.689,0.026,0.09,0.404
435,67341,2019,0.342,0.456,1.067,0.0,-0.01,0.388
436,67341,2020,0.333,0.523,1.229,0.008,0.07,0.402
437,67341,2021,0.364,0.526,1.658,0.011,0.15,0.441
438,67341,2022,0.35,0.579,2.029,0.031,0.3,0.429
439,67341,2023,0.31,0.456,1.909,-0.001,-0.01,0.4
440,67394,2018,0.258,0.458,0.418,-0.014,0.08,0.338
441,67450,2018,0.33,0.605,0.607,0.009,0.18,0.419
442,67450,2019,0.292,0.515,0.92,-0.004,0.06,0.402
443,67504,2021,0.241,0.352,0.29,-0.01,-0.18,0.308
444,67504,2022,0.257,0.3,0.188,0.0,0.0,0.314
445,67598,2018,0.268,0.513,0.248,-0.008,-0.18,0.331
446,67610,2022,0.149,0.266,0.312,-0.001,-0.26,0.252
447,67644,2021,0.248,0.341,0.576,-0.029,-0.16,0.358
448,67650,2018,0.31,0.488,0.606,0.01,0.05,0.396
449,67872,2018,0.304,0.583,0.556,0.012,0.125,0.391
450,67872,2019,0.278,0.517,0.613,0.001,0.0,0.373
451,67872,2020,0.282,0.546,0.784,-0.007,0.1,0.404
452,67872,2021,0.225,0.425,0.711,-0.011,-0.21,0.341
453,67893,2020,0.242,0.323,0.524,-0.004,-0.3,0.321
454,67893,2021,0.302,0.388,0.671,0.0,-0.01,0.367
455,67893,2022,0.293,0.368,0.771,0.0,-0.135,0.368
456,67893,2023,0.273,0.371,1.356,0.0,0.11,0.369
457,67905,2023,0.276,0.381,0.171,0.0,0.0,0.32
458,67935,2018,0.257,0.483,0.382,0.002,-0.065,0.346
459,68050,2018,0.29,0.524,0.419,0.007,-0.09,0.356
460,68050,2019,0.336,0.495,0.701,0.02,0.21,0.42
461,68050,2020,0.33,0.54,0.698,0.008,0.11,0.42
462,68050,2021,0.35,0.521,1.23,0.036,0.46,0.464
463,68050,2022,0.247,0.378,0.51,0.001,-0.25,0.32
464,68050,2023,0.276,0.414,0.615,-0.005,-0.12,0.367
465,68103,2018,0.339,0.519,0.36,-0.022,-0.175,0.383
466,68106,2021,0.247,0.383,0.292,-0.014,-0.12,0.316
467,68106,2022,0.221,0.447,0.231,-0.006,-0.195,0.319
468,68119,2021,0.233,0.289,0.474,0.0,0.0,0.314
469,68119,2022,0.301,0.418,1.378,0.0,-0.01,0.392
470,68119,2023,0.312,0.382,1.646,0.0,0.03,0.402
471,68305,2021,0.232,0.311,0.214,-0.0,-0.12,0.267
472,68330,2021,0.158,0.254,0.429,-0.013,-0.24,0.242
473,68345,2018,0.315,0.742,0.371,0.084,0.67,0.377
474,68345,2019,0.299,0.521,0.741,0.008,0.145,0.395
475,68346,2022,0.179,0.307,0.375,-0.008,-0.18,0.292
476,68362,2021,0.252,0.366,0.456,-0.004,-0.12,0.33
477,68504,2022,0.244,0.332,0.289,-0.008,-0.18,0.287
478,68518,2020,0.15,0.165,0.344,-0.009,-0.23,0.211
479,68518,2022,0.191,0.216,0.255,-0.014,-0.25,0.239
480,68525,2018,0.232,0.36,0.207,-0.031,-0.3,0.279
481,68525,2019,0.203,0.283,0.316,-0.04,-0.34,0.271
482,68525,2020,0.278,0.436,0.588,-0.004,-0.09,0.358
483,68525,2021,0.267,0.443,0.642,-0.005,-0.12,0.364
484,68525,2022,0.307,0.458,0.516,-0.006,-0.06,0.361
485,68525,2023,0.227,0.304,0.434,-0.016,-0.37,0.279
486,68700,2021,0.175,0.228,0.186,-0.028,-0.38,0.231
487,68700,2023,0.178,0.208,0.704,0.0,0.0,0.314
488,68730,2018,0.308,0.577,0.536,0.012,-0.06,0.38
489,68730,2019,0.284,0.46,0.422,0.007,-0.005,0.345
490,68730,2020,0.194,0.323,0.265,-0.028,-0.445,0.254
491,68730,2021,0.248,0.438,0.5,-0.013,-0.27,0.323
492,68743,2018,0.244,0.357,0.453,0.0,0.0,0.32
493,68743,2019,0.262,0.374,0.475,-0.02,-0.185,0.314
494,68743,2020,0.248,0.335,1.0,-0.018,-0.04,0.36
495,68743,2021,0.283,0.384,1.0,0.009,0.18,0.406
496,68743,2022,0.276,0.37,0.78,-0.018,-0.125,0.376
497,68743,2023,0.22,0.26,1.077,-0.016,-0.18,0.332
498,68868,2020,0.236,0.308,0.679,-0.001,-0.17,0.3
499,68904,2022,0.238,0.359,0.379,-0.005,-0.26,0.309
500,68904,2023,0.202,0.354,0.323,-0.022,-0.33,0.277
501,68912,2019,0.224,0.327,0.333,0.0,-0.18,0.269
502,69100,2019,0.186,0.227,0.316,0.0,-0.1,0.25
503,69102,2021,0.241,0.375,0.701,-0.004,-0.18,0.343
504,69102,2022,0.312,0.445,0.845,0.0,0.01,0.376
505,69102,2023,0.29,0.386,0.772,-0.008,-0.015,0.371
506,69150,2019,0.274,0.426,0.304,-0.001,-0.02,0.332
507,69165,2019,0.286,0.488,0.194,0.004,-0.07,0.335
508,69209,2019,0.338,0.475,1.125,0.009,0.115,0.408
509,69209,2020,0.332,0.492,1.356,0.02,0.08,0.397
510,69209,2021,0.325,0.458,1.917,0.007,0.175,0.401
511,69209,2022,0.309,0.4,0.778,-0.017,-0.13,0.353
512,69238,2022,0.24,0.448,0.185,0.0,-0.11,0.309
513,69238,2023,0.213,0.32,0.368,-0.01,-0.18,0.289
514,69306,2022,0.2,0.309,0.138,-0.002,-0.12,0.3
515,69405,2019,0.273,0.409,0.26,-0.015,-0.28,0.327
516,69416,2022,0.232,0.263,0.034,-0.0,-0.16,0.226
517,69418,2020,0.258,0.335,0.219,0.0,-0.08,0.291
518,69442,2019,0.204,0.333,0.222,0.0,-0.05,0.255
519,69453,2019,0.262,0.369,0.36,-0.014,-0.235,0.328
520,69453,2020,0.228,0.34,0.448,-0.017,-0.205,0.311
521,69453,2021,0.206,0.335,0.23,-0.001,-0.17,0.27
522,69453,2022,0.207,0.302,0.296,-0.016,-0.26,0.254
523,69453,2023,0.22,0.28,0.455,0.0,0.0,0.291
524,69517,2022,0.316,0.453,0.532,0.0,-0.005,0.378
525,69517,2023,0.243,0.345,0.645,-0.005,-0.03,0.349
526,69530,2019,0.252,0.368,1.083,-0.001,0.0,0.354
527,69569,2019,0.251,0.433,0.517,0.001,-0.205,0.351
528,69652,2019,0.311,0.479,0.864,0.005,0.03,0.381
529,69652,2020,0.306,0.557,1.134,-0.008,0.065,0.401
530,69652,2021,0.237,0.35,0.924,-0.004,-0.15,0.335
531,69705,2021,0.197,0.394,0.228,-0.031,-0.18,0.276
532,69727,2023,0.227,0.383,0.293,-0.008,-0.18,0.298
533,69737,2019,0.186,0.26,0.153,-0.002,-0.25,0.24
534,69737,2020,0.22,0.387,0.284,-0.029,-0.255,0.299
535,69737,2021,0.271,0.466,0.682,-0.004,-0.05,0.398
536,69737,2022,0.281,0.382,0.505,-0.007,-0.17,0.356
537,69737,2023,0.315,0.556,0.631,0.027,0.19,0.399
538,69813,2022,0.213,0.454,0.098,0.0,0.0,0.243
539,69901,2019,0.226,0.433,0.531,-0.006,-0.295,0.297
540,69950,2019,0.246,0.404,0.353,-0.018,-0.1,0.308
541,69992,2021,0.283,0.321,0.45,-0.006,-0.295,0.345
542,69995,2022,0.205,0.277,0.293,0.0,-0.18,0.262
543,69995,2023,0.32,0.432,0.379,0.0,-0.08,0.353
544,70410,2018,0.338,0.516,0.404,-0.004,-0.07,0.379
545,70410,2019,0.3,0.374,0.386,-0.008,-0.185,0.344
546,70553,2018,0.214,0.266,0.26,-0.004,-0.095,0.265
547,70756,2018,0.284,0.501,0.729,-0.017,-0.105,0.376
548,71184,2018,0.24,0.281,0.5,0.0,0.0,0.281
549,71432,2018,0.284,0.418,0.473,-0.005,-0.14,0.36
550,71552,2018,0.255,0.353,0.585,-0.009,-0.14,0.352
551,71564,2018,0.333,0.593,0.573,0.002,0.045,0.401
552,71564,2019,0.285,0.435,0.723,-0.015,-0.03,0.36
553,71564,2020,0.292,0.452,0.779,0.01,0.095,0.363
554,71564,2021,0.286,0.448,0.68,-0.024,-0.155,0.346
555,71564,2022,0.331,0.502,0.768,-0.008,-0.115,0.386
556,71752,2018,0.314,0.475,0.254,0.005,0.05,0.363
557,71752,2019,0.305,0.395,0.574,-0.009,-0.1,0.388
558,71752,2020,0.219,0.297,0.714,-0.011,-0.19,0.323
559,71837,2018,0.302,0.544,0.4,0.0,0.0,0.37
560,71837,2019,0.268,0.365,0.302,-0.007,-0.2,0.328
561,71837,2020,0.253,0.422,0.435,-0.006,-0.215,0.322
562,71837,2021,0.238,0.404,0.481,0.0,-0.075,0.326
563,71837,2022,0.306,0.478,0.462,0.0,0.0,0.377
564,71842,2018,0.223,0.286,0.229,0.0,-0.195,0.297
565,72133,2018,0.303,0.466,0.439,0.005,-0.025,0.362
566,72133,2019,0.277,0.335,0.545,-0.019,-0.17,0.333
567,72133,2020,0.295,0.391,0.429,-0.01,-0.21,0.338
568,72443,2018,0.338,0.546,0.759,0.018,0.1,0.419
569,72443,2019,0.3,0.485,1.104,0.012,0.04,0.419
570,72443,2020,0.354,0.59,0.693,0.041,0.42,0.438
571,72443,2021,0.233,0.375,1.0,0.002,-0.005,0.368
572,72443,2022,0.264,0.421,0.777,-0.006,-0.04,0.371
573,72443,2023,0.291,0.48,0.8,0.009,0.05,0.4
574,72456,2018,0.238,0.321,0.275,-0.016,-0.26,0.273
575,72546,2018,0.275,0.399,0.4,-0.008,-0.15,0.301
576,73113,2018,0.262,0.472,0.45,0.0,0.02,0.357
577,73113,2019,0.247,0.375,0.539,-0.01,-0.26,0.334
578,73113,2020,0.283,0.452,0.525,-0.001,-0.08,0.386
579,73113,2021,0.194,0.356,0.432,-0.002,-0.18,0.302
580,73113,2022,0.117,0.184,0.338,-0.006,-0.26,0.224
581,73113,2023,0.216,0.309,0.804,-0.001,-0.24,0.339
582,73136,2018,0.296,0.548,0.248,-0.006,0.0,0.352
583,73136,2019,0.256,0.464,0.421,-0.001,-0.08,0.344
584,73136,2020,0.203,0.33,0.232,-0.027,-0.41,0.27
585,73136,2021,0.21,0.328,0.5,-0.0,-0.03,0.314
586,73209,2018,0.263,0.424,0.588,-0.002,-0.13,0.33
587,73209,2019,0.222,0.302,0.222,-0.02,-0.21,0.265
588,73209,2020,0.279,0.392,0.273,-0.013,-0.18,0.315
589,73213,2018,0.188,0.266,0.75,-0.005,-0.18,0.293
590,73213,2019,0.267,0.356,0.217,0.0,-0.04,0.309
591,73306,2018,0.181,0.234,0.4,0.0,-0.12,0.238
592,73306,2019,0.228,0.329,0.27,0.0,-0.015,0.3
593,73306,2020,0.205,0.299,0.457,0.0,0.0,0.295
594,73339,2018,0.23,0.311,0.25,-0.001,-0.12,0.25
595,73342,2018,0.308,0.435,0.727,0.001,0.06,0.382
596,74163,2018,0.296,0.333,0.984,-0.018,-0.11,0.377
597,74163,2020,0.286,0.337,1.639,-0.002,-0.04,0.38
598,74163,2021,0.298,0.373,1.587,0.007,-0.04,0.392
599,74163,2022,0.201,0.221,1.0,-0.011,-0.24,0.317
600,74206,2018,0.303,0.462,0.654,0.0,-0.1,0.379
601,74206,2019,0.271,0.358,1.186,-0.008,-0.19,0.381
602,74206,2020,0.295,0.361,1.02,-0.005,-0.105,0.368
603,74206,2021,0.208,0.267,0.944,-0.007,-0.12,0.307
604,74206,2022,0.215,0.26,0.848,-0.001,-0.17,0.295
605,74215,2018,0.276,0.448,0.58,-0.012,-0.085,0.339
606,74215,2019,0.231,0.29,0.292,-0.02,-0.32,0.258
607,74339,2018,0.339,0.533,0.887,-0.015,-0.09,0.408
608,74339,2019,0.317,0.443,0.852,0.016,0.13,0.384
609,74339,2020,0.278,0.402,0.759,-0.003,-0.09,0.346
610,74339,2021,0.303,0.412,1.412,0.012,0.03,0.418
611,74465,2018,0.255,0.456,0.488,-0.005,-0.1,0.367
612,74465,2019,0.264,0.473,0.929,0.0,-0.05,0.389
613,74465,2020,0.304,0.461,1.219,0.004,-0.005,0.435
614,74465,2021,0.257,0.48,0.628,-0.016,-0.09,0.359
615,74465,2023,0.195,0.244,0.65,-0.027,-0.56,0.313
616,74540,2018,0.269,0.457,0.302,-0.017,-0.14,0.338
617,74540,2019,0.234,0.405,0.434,-0.014,-0.255,0.316
618,74540,2020,0.287,0.487,0.574,-0.008,-0.11,0.352
619,74540,2021,0.287,0.472,0.852,0.012,-0.08,0.367
620,74540,2022,0.258,0.409,0.707,-0.005,-0.26,0.335
621,74540,2023,0.311,0.485,0.616,0.002,0.09,0.383
622,74729,2018,0.22,0.39,0.278,-0.005,-0.16,0.308
623,74729,2019,0.231,0.436,0.321,-0.005,-0.23,0.295
624,74729,2020,0.234,0.369,0.305,-0.014,-0.245,0.304
625,75125,2018,0.33,0.686,0.562,0.048,0.48,0.454
626,75125,2019,0.28,0.558,0.654,0.015,0.29,0.405
627,75125,2020,0.226,0.459,0.496,-0.005,-0.24,0.358
628,75125,2021,0.23,0.428,0.329,-0.02,-0.175,0.327
629,75125,2022,0.284,0.563,0.307,-0.003,-0.035,0.36
630,75125,2023,0.267,0.387,0.411,-0.012,-0.21,0.349
631,75151,2018,0.283,0.468,0.613,-0.002,-0.12,0.344
632,75151,2019,0.279,0.442,0.484,-0.006,-0.04,0.34
633,75151,2020,0.241,0.294,0.316,-0.015,-0.26,0.289
634,75151,2021,0.23,0.37,0.297,-0.016,-0.26,0.279
635,75334,2018,0.273,0.523,0.473,-0.007,-0.08,0.369
636,75334,2019,0.295,0.499,0.533,0.015,0.095,0.37
637,75334,2020,0.298,0.463,0.574,-0.007,-0.17,0.373
638,75334,2021,0.281,0.504,0.541,-0.006,0.02,0.373
639,75334,2022,0.268,0.491,0.436,-0.004,0.06,0.355
640,75334,2023,0.184,0.335,0.347,-0.025,-0.37,0.285
641,75566,2018,0.301,0.493,0.505,-0.0,-0.04,0.375
642,75566,2019,0.246,0.441,0.589,-0.005,-0.16,0.325
643,75566,2020,0.268,0.407,0.598,-0.009,-0.03,0.342
644,75566,2021,0.234,0.347,0.75,-0.012,-0.2,0.344
645,75566,2022,0.267,0.417,0.471,-0.017,-0.075,0.347
646,75566,2023,0.269,0.332,0.526,-0.006,-0.14,0.35
647,75808,2018,0.298,0.452,0.848,-0.003,-0.055,0.373
648,75808,2019,0.278,0.354,0.465,-0.012,-0.195,0.333
649,75808,2020,0.24,0.286,0.739,-0.002,-0.19,0.32
650,75847,2018,0.241,0.542,0.465,0.01,0.19,0.375
651,75847,2019,0.285,0.507,0.747,0.005,-0.04,0.399
652,75847,2020,0.27,0.538,0.765,0.006,0.07,0.394
653,75847,2021,0.278,0.562,0.824,0.018,0.145,0.412
654,75847,2022,0.276,0.52,0.713,0.017,0.18,0.401
655,75847,2023,0.311,0.578,0.711,0.016,0.08,0.399
656,76100,2018,0.273,0.49,0.862,0.004,0.06,0.434
657,76100,2020,0.274,0.463,0.509,0.011,-0.01,0.381
658,76232,2018,0.362,0.58,1.159,0.017,0.3,0.44
659,76232,2019,0.353,0.571,1.116,0.001,0.07,0.441
660,76232,2020,0.327,0.6,0.922,0.006,0.24,0.407
661,76232,2021,0.325,0.581,1.15,0.011,0.1,0.419
662,76232,2022,0.283,0.48,1.25,-0.003,0.06,0.388
663,76232,2023,0.323,0.476,1.222,0.012,0.18,0.433
664,76249,2018,0.318,0.481,0.515,0.002,0.02,0.376
665,76249,2019,0.304,0.453,0.764,-0.006,-0.02,0.379
666,76249,2020,0.233,0.291,0.339,-0.012,-0.18,0.289
667,76267,2018,0.339,0.585,0.571,0.022,0.19,0.402
668,76267,2019,0.274,0.358,0.763,-0.008,-0.18,0.329
669,76267,2020,0.299,0.465,0.685,0.002,0.095,0.368
670,76267,2021,0.256,0.429,0.631,-0.012,-0.005,0.359
671,76267,2022,0.208,0.353,0.526,-0.012,-0.26,0.288
672,76267,2023,0.244,0.488,0.374,-0.013,-0.24,0.312
673,76290,2018,0.362,0.589,0.77,0.01,0.32,0.422
674,76290,2019,0.3,0.428,1.019,-0.006,-0.2,0.374
675,76290,2020,0.328,0.52,1.085,0.007,0.11,0.401
676,76290,2021,0.281,0.427,1.75,0.012,0.1,0.376
677,76290,2022,0.29,0.471,1.127,0.0,0.01,0.383
678,76290,2023,0.298,0.383,1.115,0.009,0.16,0.381
679,76313,2018,0.296,0.526,0.408,0.004,0.01,0.358
680,76313,2019,0.283,0.467,0.732,-0.01,-0.085,0.36
681,76313,2020,0.309,0.506,0.466,0.01,0.07,0.365
682,76313,2021,0.291,0.409,0.511,-0.007,-0.13,0.356
683,76313,2022,0.256,0.369,0.514,-0.016,-0.13,0.334
684,76313,2023,0.325,0.429,0.732,-0.006,-0.035,0.389
685,76509,2018,0.25,0.38,0.481,-0.003,-0.22,0.336
686,76509,2019,0.243,0.311,0.133,-0.005,-0.24,0.266
687,76720,2018,0.179,0.289,0.242,-0.011,-0.26,0.242
688,76753,2018,0.296,0.474,0.189,-0.002,-0.15,0.327
689,76753,2019,0.264,0.357,0.231,-0.026,-0.36,0.296
690,76753,2020,0.235,0.375,0.203,-0.035,-0.38,0.278
691,76802,2018,0.278,0.365,0.795,-0.003,-0.17,0.335
692,76802,2019,0.247,0.3,0.75,-0.02,-0.26,0.297
693,76802,2020,0.271,0.321,1.111,-0.006,-0.12,0.327
694,76802,2021,0.283,0.422,1.0,0.0,0.0,0.35
695,76802,2022,0.228,0.283,0.889,-0.007,-0.22,0.285
696,76802,2023,0.247,0.309,0.643,-0.0,-0.13,0.3
697,76812,2018,0.324,0.508,0.571,-0.001,-0.02,0.393
698,76812,2019,0.263,0.381,0.548,-0.01,-0.065,0.323
699,76812,2020,0.185,0.248,0.792,-0.023,-0.42,0.272
700,76812,2021,0.28,0.362,0.617,-0.015,-0.22,0.36
701,76812,2022,0.193,0.267,0.543,-0.014,-0.26,0.278
702,76849,2018,0.302,0.418,0.625,-0.002,0.045,0.358
703,76849,2019,0.293,0.352,0.727,-0.012,-0.105,0.356
704,76849,2020,0.301,0.361,0.654,0.0,-0.055,0.363
705,76849,2021,0.293,0.387,1.37,0.016,0.045,0.405
706,76849,2022,0.257,0.313,0.536,-0.019,-0.36,0.323
707,77243,2021,0.276,0.39,0.286,0.0,0.0,0.312
708,77248,2018,0.309,0.453,0.346,0.002,-0.015,0.364
709,77248,2019,0.182,0.294,0.49,0.0,-0.01,0.276
710,77248,2020,0.238,0.407,0.304,0.0,-0.12,0.299
711,77463,2018,0.293,0.46,0.318,0.0,-0.04,0.359
712,77463,2019,0.251,0.407,0.244,-0.022,-0.16,0.306
713,77463,2020,0.281,0.444,0.879,-0.001,0.09,0.398
714,77532,2018,0.329,0.546,0.687,0.022,0.33,0.404
715,77532,2019,0.295,0.4,0.565,-0.007,-0.03,0.36
716,77532,2020,0.352,0.493,1.089,0.021,0.24,0.418
717,77532,2021,0.319,0.397,0.91,-0.002,-0.06,0.392
718,77532,2022,0.277,0.367,0.776,0.005,-0.06,0.349
719,77532,2023,0.319,0.43,0.537,0.008,0.1,0.367
720,77564,2018,0.279,0.408,0.5,-0.013,-0.185,0.349
721,77564,2019,0.257,0.365,0.429,-0.014,-0.23,0.317
722,77564,2020,0.268,0.381,0.348,-0.004,-0.185,0.325
723,77564,2021,0.23,0.357,0.573,-0.011,-0.185,0.317
724,77564,2022,0.201,0.292,0.357,0.0,0.0,0.261
725,77564,2023,0.289,0.409,0.559,-0.001,-0.13,0.356
726,78122,2020,0.292,0.372,0.429,0.0,0.0,0.328
727,78122,2021,0.22,0.341,0.7,-0.005,-0.205,0.301
728,78122,2022,0.298,0.38,0.5,0.0,-0.15,0.349
729,78122,2023,0.266,0.344,0.909,-0.011,-0.15,0.331
730,78135,2018,0.316,0.467,0.378,0.001,-0.06,0.373
731,78135,2019,0.285,0.438,0.543,-0.005,-0.18,0.359
732,78135,2020,0.293,0.539,0.468,-0.002,-0.025,0.369
733,78135,2021,0.221,0.392,0.523,-0.025,-0.26,0.336
734,78135,2023,0.236,0.361,0.525,-0.009,-0.07,0.35
735,78168,2018,0.331,0.42,0.68,0.022,0.18,0.39
736,78168,2019,0.299,0.379,0.947,-0.007,-0.175,0.37
737,78168,2020,0.276,0.386,1.492,0.007,0.12,0.385
738,78168,2021,0.253,0.342,0.911,-0.009,-0.1,0.35
739,78168,2022,0.222,0.3,0.444,-0.02,-0.2,0.291
740,78217,2018,0.233,0.245,0.5,0.0,0.0,0.29
741,78217,2019,0.217,0.278,0.632,0.0,0.0,0.311
742,78224,2018,0.336,0.658,0.444,0.029,0.3,0.411
743,78224,2019,0.282,0.429,0.549,0.002,-0.03,0.369
744,78224,2020,0.258,0.476,0.565,-0.01,-0.065,0.366
745,78224,2021,0.279,0.507,0.604,0.0,0.03,0.389
746,78224,2022,0.248,0.46,0.459,-0.015,0.025,0.345
747,78224,2023,0.248,0.388,0.635,0.005,-0.05,0.363
748,78288,2018,0.26,0.327,0.312,-0.002,-0.045,0.327
749,78288,2019,0.29,0.362,0.918,-0.012,-0.1,0.395
750,78288,2020,0.301,0.383,0.659,-0.004,-0.05,0.378
751,78288,2021,0.275,0.387,1.059,0.006,-0.02,0.403
752,78288,2022,0.223,0.302,0.677,-0.021,-0.305,0.335
753,78288,2023,0.253,0.295,1.312,0.0,-0.05,0.396
754,78361,2019,0.237,0.309,0.474,0.0,-0.18,0.299
755,78361,2021,0.255,0.378,0.478,-0.001,-0.18,0.336
756,78513,2018,0.342,0.592,0.585,0.005,0.12,0.4
757,78513,2019,0.301,0.481,0.648,-0.012,-0.13,0.36
758,78513,2020,0.279,0.482,0.658,0.005,0.01,0.346
759,78513,2021,0.348,0.469,0.746,0.008,0.095,0.404
760,78513,2022,0.304,0.445,0.479,-0.002,-0.02,0.351
761,78513,2023,0.274,0.394,0.867,-0.001,-0.08,0.353
762,78548,2018,0.258,0.404,0.39,-0.008,-0.19,0.321
763,78548,2019,0.262,0.339,0.407,-0.018,-0.29,0.325
764,78548,2020,0.272,0.402,0.567,-0.004,-0.18,0.323
765,78548,2021,0.232,0.372,0.833,-0.012,-0.18,0.331
766,78548,2022,0.255,0.428,0.691,-0.003,-0.04,0.352
767,78548,2023,0.284,0.451,0.595,-0.007,-0.22,0.351
768,78603,2018,0.294,0.372,1.143,-0.001,-0.075,0.372
769,78603,2019,0.292,0.371,1.654,-0.003,-0.08,0.356
770,78603,2020,0.33,0.403,0.93,-0.004,-0.13,0.405
771,78603,2021,0.307,0.401,1.436,0.007,0.025,0.376
772,78603,2022,0.285,0.348,1.347,-0.015,-0.08,0.368
773,78603,2023,0.302,0.352,2.091,-0.014,-0.105,0.38
774,78629,2018,0.273,0.571,0.452,-0.001,-0.04,0.381
775,78629,2019,0.186,0.364,0.514,-0.014,-0.18,0.305
776,78629,2020,0.291,0.444,0.561,0.002,-0.05,0.393
777,78643,2020,0.22,0.429,0.483,0.0,-0.09,0.321
778,78756,2018,0.226,0.278,0.212,-0.002,-0.22,0.284
779,78756,2019,0.224,0.288,0.528,-0.012,-0.3,0.3
780,78756,2020,0.234,0.284,0.41,-0.002,-0.18,0.293
781,78756,2022,0.276,0.34,0.353,-0.008,-0.215,0.31
782,78813,2018,0.279,0.498,0.412,-0.002,-0.03,0.328
783,78813,2019,0.303,0.464,0.5,-0.002,-0.095,0.357
784,78813,2020,0.31,0.451,0.364,0.0,-0.23,0.346
785,79109,2018,0.278,0.396,0.404,0.001,-0.045,0.35
786,79109,2019,0.252,0.377,0.509,-0.015,-0.14,0.335
787,79109,2020,0.298,0.457,0.398,-0.006,-0.13,0.359
788,79109,2021,0.254,0.356,0.659,-0.021,-0.28,0.333
789,79109,2022,0.268,0.465,0.593,-0.005,-0.015,0.355
790,79109,2023,0.261,0.352,0.702,0.004,-0.04,0.385
791,79150,2018,0.261,0.38,0.397,0.0,-0.04,0.319
792,79150,2019,0.239,0.324,0.337,-0.022,-0.3,0.286
793,79150,2020,0.244,0.334,0.462,-0.013,-0.2,0.303
794,79150,2021,0.236,0.335,0.75,-0.02,-0.31,0.312
795,79192,2018,0.331,0.548,0.361,0.013,0.09,0.38
796,79192,2019,0.316,0.436,0.391,-0.013,-0.03,0.362
797,79192,2020,0.297,0.466,0.451,-0.012,-0.045,0.354
798,79192,2021,0.284,0.46,0.506,0.0,0.08,0.371
799,79192,2022,0.299,0.444,0.311,-0.01,-0.115,0.361
800,79192,2023,0.297,0.451,0.477,0.014,-0.05,0.385
801,79215,2018,0.312,0.453,0.405,0.0,-0.12,0.361
802,79215,2019,0.314,0.461,1.0,0.011,0.07,0.39
803,79215,2020,0.294,0.454,0.634,0.007,0.05,0.359
804,79215,2021,0.319,0.431,0.667,0.015,0.07,0.396
805,79215,2022,0.336,0.458,0.71,-0.003,-0.02,0.409
806,79215,2023,0.286,0.431,0.878,-0.001,-0.09,0.385
807,79231,2018,0.347,0.46,0.867,0.024,0.37,0.411
808,79231,2019,0.269,0.333,0.984,0.005,-0.13,0.356
809,79231,2020,0.3,0.397,0.891,0.001,-0.03,0.366
810,79231,2021,0.265,0.374,0.607,-0.0,-0.135,0.331
811,79231,2022,0.259,0.331,0.696,-0.002,-0.03,0.32
812,79231,2023,0.257,0.317,0.794,0.004,-0.19,0.33
813,79240,2018,0.32,0.449,0.579,0.0,0.0,0.37
814,79240,2019,0.291,0.373,0.872,-0.007,-0.12,0.352
815,79240,2020,0.321,0.426,1.147,0.002,-0.03,0.375
816,79240,2021,0.279,0.366,1.105,-0.005,-0.07,0.344
817,79240,2022,0.289,0.398,0.9,-0.004,-0.05,0.363
818,79240,2023,0.271,0.35,1.917,-0.014,-0.22,0.349
819,79334,2018,0.223,0.406,0.371,-0.001,-0.12,0.311
820,79334,2019,0.249,0.345,0.346,-0.006,-0.2,0.311
821,79365,2018,0.248,0.427,0.36,-0.015,-0.3,0.302
822,79365,2019,0.291,0.437,0.614,0.0,0.01,0.355
823,79365,2020,0.252,0.426,0.559,-0.001,-0.17,0.336
824,79365,2021,0.247,0.456,0.461,-0.001,-0.12,0.335
825,79365,2022,0.239,0.432,0.464,-0.022,-0.24,0.332
826,79365,2023,0.276,0.524,0.651,-0.017,-0.135,0.366
827,79402,2018,0.263,0.362,0.297,-0.024,-0.255,0.309
828,79402,2019,0.271,0.355,0.746,-0.015,-0.22,0.355
829,79402,2020,0.304,0.401,1.0,-0.003,-0.1,0.396
830,79402,2021,0.237,0.302,1.0,-0.016,-0.275,0.315
831,79402,2022,0.251,0.323,0.409,-0.005,-0.17,0.3
832,79402,2023,0.305,0.358,0.952,0.009,0.15,0.379
833,79456,2018,0.343,0.433,0.556,0.0,-0.04,0.397
834,79456,2019,0.287,0.32,0.613,-0.007,-0.245,0.322
835,79456,2020,0.306,0.358,0.655,-0.002,-0.155,0.358
836,79456,2021,0.274,0.304,1.176,-0.001,-0.15,0.332
837,79456,2022,0.275,0.338,0.5,-0.016,-0.25,0.31
838,79456,2023,0.275,0.332,0.339,-0.021,-0.32,0.306
839,79465,2018,0.245,0.286,0.457,-0.002,-0.26,0.335
840,79608,2018,0.341,0.56,0.632,0.024,0.3,0.392
841,79608,2019,0.315,0.412,1.081,0.0,-0.16,0.381
842,79608,2020,0.286,0.413,0.745,-0.016,-0.25,0.351
843,79608,2021,0.306,0.458,0.897,-0.001,-0.15,0.378
844,79608,2022,0.284,0.436,0.981,-0.008,-0.06,0.353
845,79608,2023,0.279,0.354,0.93,0.014,-0.0,0.355
846,79705,2018,0.253,0.432,0.407,0.0,0.0,0.339
847,79705,2019,0.231,0.356,0.458,-0.006,-0.145,0.299
848,99606,2018,0.293,0.418,0.327,0.0,-0.26,0.367
849,99810,2018,0.318,0.417,0.714,-0.001,-0.035,0.371
